url,title
https://gihyo.jp/dp/ebook/2020/978-4-297-11248-6,ジャンクコンデジの分解と組み立てに挑戦！
https://gihyo.jp/dp/ebook/2020/978-4-297-11230-1,今すぐ使えるかんたん 今すぐ使えるかんたんOffice 2019
https://gihyo.jp/dp/ebook/2020/978-4-297-11310-0,今すぐ使えるかんたんEx 今すぐ使えるかんたんExGoogleサービス プロ技BESTセレクション
https://gihyo.jp/dp/ebook/2020/978-4-297-11277-6,楽しいAI体験から始める機械学習～算数・数学をやらせてみたら～
https://gihyo.jp/dp/ebook/2020/978-4-297-11314-8,今すぐ使えるかんたんmini 今すぐ使えるかんたんminiオリンパス PEN E-PL10 基本＆応用 撮影ガイド
https://gihyo.jp/dp/ebook/2020/978-4-297-11362-9,電子工作・自作オーディオ Tips＆トラブルシューティング・ブック
https://gihyo.jp/dp/ebook/2020/978-4-297-11354-4,ポケット介護 ポケット介護［高齢者と家族のための］暮らしを守る制度とサービス―介護、病気からお金、成年後見まで
https://gihyo.jp/dp/ebook/2020/978-4-297-11258-5,図解即戦力 図解即戦力保険業界のしくみとビジネスがこれ1冊でしっかりわかる教科書
https://gihyo.jp/dp/ebook/2020/978-4-297-11424-4,ファーストブック 統計学がわかる
https://gihyo.jp/dp/ebook/2020/978-4-297-11425-1,ファーストブック 統計学がわかる【回帰分析・因子分析編】
https://gihyo.jp/dp/ebook/2020/978-4-297-11154-0,わたしが知らないスゴ本は、 きっとあなたが読んでいる
https://gihyo.jp/dp/ebook/2020/978-4-297-11340-7,今すぐ使えるかんたん 今すぐ使えるかんたんビデオ編集＆DVD作り［PowerDirector対応版］［改訂2版］
https://gihyo.jp/dp/ebook/2020/978-4-297-11294-3,第7版 貸金業務取扱主任者 合格教本
https://gihyo.jp/dp/ebook/2020/978-4-297-11308-7,スピードマスター 1時間でわかる 経費で落ちる領収書
https://gihyo.jp/dp/ebook/2020/978-4-297-11306-3,スピードマスター 1時間でわかる 経理1年生のおしごと
https://gihyo.jp/dp/ebook/2020/978-4-297-11356-8,Graphic voyage 花美―花の美をじっくり眺める図鑑
https://gihyo.jp/dp/ebook/2020/978-4-297-11392-6,React Native～JavaScriptによるiOS／Androidアプリ開発の実践
https://gihyo.jp/dp/ebook/2020/978-4-297-11394-0,ゼロからはじめる ゼロからはじめるau Galaxy S20 5G SCG01 スマートガイド
https://gihyo.jp/dp/ebook/2020/978-4-297-11346-9,WEB+DB PRESS Vol.116
https://gihyo.jp/dp/ebook/2020/978-4-297-11238-7,今すぐ使えるかんたん 今すぐ使えるかんたんぜったいデキます！ インターネット＆メール超入門［Windows 10対応版］［改訂2版］
https://gihyo.jp/dp/ebook/2020/978-4-297-11240-0,今すぐ使えるかんたんmini 今すぐ使えるかんたんminiWordで困ったときの 解決＆便利技［改訂3版］
https://gihyo.jp/dp/ebook/2020/978-4-297-11264-6,今すぐ使えるかんたんmini 今すぐ使えるかんたんminiLINEで困ったときの 解決＆便利技［改訂2版］
https://gihyo.jp/dp/ebook/2020/978-4-297-11232-5,今すぐ使えるかんたんmini 今すぐ使えるかんたんminiCanon EOS 90D 基本＆応用 撮影ガイド
https://gihyo.jp/dp/ebook/2020/978-4-297-11254-7,今すぐ使えるかんたんmini 今すぐ使えるかんたんminiSONY α6100 基本＆応用 撮影ガイド
https://gihyo.jp/dp/ebook/2020/978-4-297-11326-1,標準テキスト 例題80でしっかり学ぶ メディアリテラシー標準テキスト―メディアとインターネットを理解するための基礎知識―
https://gihyo.jp/dp/ebook/2020/978-4-297-11252-3,今すぐ使えるかんたんEx 今すぐ使えるかんたんExHTML&CSS 逆引き事典
https://gihyo.jp/dp/ebook/2020/978-4-297-11242-4,今すぐ使えるかんたんEx 今すぐ使えるかんたんExAndroidアプリ 厳選BESTセレクション［スマートフォン&タブレット対応］
https://gihyo.jp/dp/ebook/2020/978-4-297-11228-8,理解するほどおもしろい！ パソコンのしくみがよくわかる本［改訂2版］
https://gihyo.jp/dp/ebook/2020/978-4-297-11234-9,今すぐ使えるかんたんmini 今すぐ使えるかんたんminiCanon EOS M6 Mark II 基本＆応用撮影ガイド
https://gihyo.jp/dp/ebook/2020/978-4-297-11348-3,プログラミング言語大全
